{
	"textures": {
		"0": "minecraft:block/anvil",
		"2": "minecraft:item/yaji",
		"3": "minecraft:block/black_concrete",
		"4": "minecraft:block/netherite_block",
		"particle": "minecraft:item/pufferfish"
	},
	"display": {
		"head": {
			"rotation": [0, 180, 0]
		}
	},
	"elements": [
		{
			"from": [0, -2, 7],
			"to": [8, 14, 7.5],
			"rotation": {
				"angle": 0,
				"axis": "y",
				"origin": [8, 8, 8]
			},
			"faces": {
				"north": {
					"uv": [0, 0, 16, 16],
					"texture": "#0"
				},
				"east": {
					"uv": [0, 0, 0.5, 16],
					"texture": "#0"
				},
				"south": {
					"uv": [0, 0, 8, 16],
					"texture": "#0"
				},
				"west": {
					"uv": [0, 0, 0.5, 16],
					"texture": "#0"
				},
				"up": {
					"uv": [0, 0, 8, 0.5],
					"texture": "#0"
				},
				"down": {
					"uv": [0, 0, 8, 0.5],
					"texture": "#0"
				}
			}
		},
		{
			"from": [2, -1, 6.75],
			"to": [6, 3, 7],
			"rotation": {
				"angle": 0,
				"axis": "y",
				"origin": [4, 0, 6.5]
			},
			"faces": {
				"north": {
					"uv": [0, 0, 16, 16],
					"rotation": 180,
					"texture": "#2"
				},
				"east": {
					"uv": [0, 0, 0.25, 4],
					"texture": "#2"
				},
				"south": {
					"uv": [0, 0, 4, 4],
					"texture": "#2"
				},
				"west": {
					"uv": [0, 0, 0.25, 4],
					"texture": "#2"
				},
				"up": {
					"uv": [0, 0, 4, 0.25],
					"texture": "#2"
				},
				"down": {
					"uv": [0, 0, 4, 0.25],
					"texture": "#2"
				}
			}
		},
		{
			"from": [2, -1, 6.8],
			"to": [6, 3, 7.05],
			"rotation": {
				"angle": 0,
				"axis": "y",
				"origin": [4, 0, 6.55]
			},
			"faces": {
				"north": {
					"uv": [0, 0, 16, 16],
					"rotation": 180,
					"texture": "#4"
				},
				"east": {
					"uv": [0, 0, 0.25, 4],
					"texture": "#4"
				},
				"south": {
					"uv": [0, 0, 4, 4],
					"texture": "#4"
				},
				"west": {
					"uv": [0, 0, 0.25, 4],
					"texture": "#4"
				},
				"up": {
					"uv": [0, 0, 4, 0.25],
					"texture": "#4"
				},
				"down": {
					"uv": [0, 0, 4, 0.25],
					"texture": "#4"
				}
			}
		},
		{
			"from": [2, 4, 6.8],
			"to": [6, 8, 7.05],
			"rotation": {
				"angle": 0,
				"axis": "y",
				"origin": [4, 5, 6.55]
			},
			"faces": {
				"north": {
					"uv": [0, 0, 16, 16],
					"rotation": 180,
					"texture": "#4"
				},
				"east": {
					"uv": [0, 0, 0.25, 4],
					"texture": "#4"
				},
				"south": {
					"uv": [0, 0, 4, 4],
					"texture": "#4"
				},
				"west": {
					"uv": [0, 0, 0.25, 4],
					"texture": "#4"
				},
				"up": {
					"uv": [0, 0, 4, 0.25],
					"texture": "#4"
				},
				"down": {
					"uv": [0, 0, 4, 0.25],
					"texture": "#4"
				}
			}
		},
		{
			"from": [2, 4, 6.75],
			"to": [6, 8, 7],
			"rotation": {
				"angle": 0,
				"axis": "y",
				"origin": [4, 5, 6.5]
			},
			"faces": {
				"north": {
					"uv": [0, 0, 16, 16],
					"texture": "#2"
				},
				"east": {
					"uv": [0, 0, 0.25, 4],
					"texture": "#2"
				},
				"south": {
					"uv": [0, 0, 4, 4],
					"texture": "#2"
				},
				"west": {
					"uv": [0, 0, 0.25, 4],
					"texture": "#2"
				},
				"up": {
					"uv": [0, 0, 4, 0.25],
					"texture": "#2"
				},
				"down": {
					"uv": [0, 0, 4, 0.25],
					"texture": "#2"
				}
			}
		},
		{
			"from": [2, 9, 6.75],
			"to": [6, 13, 7],
			"rotation": {
				"angle": 0,
				"axis": "y",
				"origin": [4, 10, 6.5]
			},
			"faces": {
				"north": {
					"uv": [0, 0, 16, 16],
					"texture": "#3"
				},
				"east": {
					"uv": [0, 0, 0.25, 4],
					"texture": "#3"
				},
				"south": {
					"uv": [0, 0, 4, 4],
					"texture": "#3"
				},
				"west": {
					"uv": [0, 0, 0.25, 4],
					"texture": "#3"
				},
				"up": {
					"uv": [0, 0, 4, 0.25],
					"texture": "#3"
				},
				"down": {
					"uv": [0, 0, 4, 0.25],
					"texture": "#3"
				}
			}
		}
	]
}