{
	"textures": {
		"1": "minecraft:block/iron_block",
		"particle": "minecraft:item/pufferfish"
	},
	"display": {
		"head": {
			"rotation": [0, 180, 0]
		}
	},
	"elements": [
		{
			"from": [-1, 8, -10.375],
			"to": [8, 14, -9.625],
			"rotation": {
				"angle": 0,
				"axis": "y",
				"origin": [2.375, 8, -12.625]
			},
			"faces": {
				"north": {
					"uv": [0, 0, 16, 16],
					"texture": "#1"
				},
				"east": {
					"uv": [0, 0, 1, 8],
					"texture": "#1"
				},
				"south": {
					"uv": [0, 0, 16, 16],
					"texture": "#1"
				},
				"west": {
					"uv": [0, 0, 1, 8],
					"texture": "#1"
				},
				"up": {
					"uv": [0, 0, 12, 1],
					"texture": "#1"
				},
				"down": {
					"uv": [0, 0, 12, 1],
					"texture": "#1"
				}
			}
		},
		{
			"from": [-1, 14, -10.375],
			"to": [8, 20, -9.625],
			"rotation": {
				"angle": 0,
				"axis": "y",
				"origin": [2.375, 14, -12.625]
			},
			"faces": {
				"north": {
					"uv": [0, 0, 16, 16],
					"texture": "#1"
				},
				"east": {
					"uv": [0, 0, 1, 8],
					"texture": "#1"
				},
				"south": {
					"uv": [0, 0, 16, 16],
					"texture": "#1"
				},
				"west": {
					"uv": [0, 0, 1, 8],
					"texture": "#1"
				},
				"up": {
					"uv": [0, 0, 12, 1],
					"texture": "#1"
				},
				"down": {
					"uv": [0, 0, 12, 1],
					"texture": "#1"
				}
			}
		},
		{
			"from": [-1, 20, -10.375],
			"to": [8, 26, -9.625],
			"rotation": {
				"angle": 0,
				"axis": "y",
				"origin": [2.375, 20, -12.625]
			},
			"faces": {
				"north": {
					"uv": [0, 0, 16, 16],
					"texture": "#1"
				},
				"east": {
					"uv": [0, 0, 1, 8],
					"texture": "#1"
				},
				"south": {
					"uv": [0, 0, 16, 16],
					"texture": "#1"
				},
				"west": {
					"uv": [0, 0, 1, 8],
					"texture": "#1"
				},
				"up": {
					"uv": [0, 0, 12, 1],
					"texture": "#1"
				},
				"down": {
					"uv": [0, 0, 12, 1],
					"texture": "#1"
				}
			}
		},
		{
			"from": [-1, 26, -10.375],
			"to": [8, 32, -9.625],
			"rotation": {
				"angle": 0,
				"axis": "y",
				"origin": [2.375, 26, -12.625]
			},
			"faces": {
				"north": {
					"uv": [0, 0, 16, 16],
					"texture": "#1"
				},
				"east": {
					"uv": [0, 0, 1, 8],
					"texture": "#1"
				},
				"south": {
					"uv": [0, 0, 16, 16],
					"texture": "#1"
				},
				"west": {
					"uv": [0, 0, 1, 8],
					"texture": "#1"
				},
				"up": {
					"uv": [0, 0, 12, 1],
					"texture": "#1"
				},
				"down": {
					"uv": [0, 0, 12, 1],
					"texture": "#1"
				}
			}
		}
	]
}