{
  "display": {
    "icon": {
      "id": "minecraft:stick",
      "components": {
        "minecraft:custom_model_data": {
          "strings": [
            "ey"
          ]
        }
      }
    },
    "title": "人狼ゲーム",
    "description": "人狼ポータルに入ってみる",
    "frame": "task",
    "announce_to_chat": false
  },
  "parent": "ey_tkg:test/root",
  "criteria": {
    "get_any_log": {
      "trigger": "minecraft:inventory_changed",
      "conditions": {
        "items": [
          {
            "items": [
              "minecraft:acacia_log",
              "minecraft:birch_log",
              "minecraft:cherry_log",
              "minecraft:dark_oak_log",
              "minecraft:jungle_log",
              "minecraft:mangrove_log",
              "minecraft:pale_oak_log",
              "minecraft:oak_log",
              "minecraft:spruce_log"
            ]
          }
        ]
      }
    }
  },
  "rewards": {
    "function": "ey_tkg:collect_log_check"
  }
}