{
  "model": {
    "type": "select",
    "property": "custom_model_data",
    "fallback": {
      "type": "model",
      "model": "item/carrot_on_a_stick"
    },
    "cases": [
      {
        "when": "ey",
        "model": {
          "type": "model",
          "model": "item/ey1x1"
        }
      },
      {
        "when": "test",
        "model": {
          "type": "model",
          "model": "item/bat"
        }
      },
      {
        "when": "ookami",
        "model": {
          "type": "model",
          "model": "item/ookami"
        }
      },
      {
        "when": "gurasan",
        "model": {
          "type": "model",
          "model": "item/gurasan"
        }
      },
      {
        "when": "fed",
        "model": {
          "type": "model",
          "model": "item/paper"
        }
      },
      {
        "when": "book",
        "model": {
          "type": "model",
          "model": "item/book_ey"
        }
      },
      {
        "when": "mimi",
        "model": {
          "type": "model",
          "model": "item/mimi"
        }
      },
      {
        "when": "wolf",
        "model": {
          "type": "model",
          "model": "item/wolf_adv"
        }
      },
      {
        "when": "zzz",
        "model": {
          "type": "model",
          "model": "item/zzz"
        }
      },
      {
        "when": "sword",
        "model": {
          "type": "model",
          "model": "item/sword"
        }
      },
      {
        "when": "ring",
        "model": {
          "type": "model",
          "model": "item/ring"
        }
      }
    ]
  }
}