{
  "model": {
    "type": "select",
    "property": "custom_model_data",
    "fallback": {
      "type": "model",
      "model": "item/stick"
    },
    "cases": [
      {
        "when": "ey",
        "model": {
          "type": "model",
          "model": "item/ey1x1"
        }
      },
      {
        "when": "test",
        "model": {
          "type": "model",
          "model": "item/bat"
        }
      },
      {
        "when": "ookami",
        "model": {
          "type": "model",
          "model": "item/ookami"
        }
      },
      {
        "when": "gurasan",
        "model": {
          "type": "model",
          "model": "item/gurasan"
        }
      },
      {
        "when": "wolf",
        "model": {
          "type": "model",
          "model": "item/wolf_adv"
        }
      }
    ]
  }
}