{
	"format_version": "1.9.0",
	"credit": "Made with Blockbench",
	"texture_size": [64, 64],
	"textures": {
		"0": "item/book_ey",
		"particle": "item/book_ey"
	},
	"elements": [
		{
			"from": [0.43937, -0.59041, 0.25],
			"to": [8.03937, -0.49041, 12.75],
			"rotation": {"angle": -22.5, "axis": "z", "origin": [8.01003, -0.48718, 16]},
			"faces": {
				"north": {"uv": [8, 8.5, 10, 8.75], "texture": "#0"},
				"east": {"uv": [6, 8, 10, 8.25], "texture": "#0"},
				"south": {"uv": [6, 8.75, 8, 9], "texture": "#0"},
				"west": {"uv": [8, 6, 12, 6.25], "texture": "#0"},
				"up": {"uv": [2, 12, 0, 8], "texture": "#0"},
				"down": {"uv": [10, 0, 8, 4], "texture": "#0"}
			}
		},
		{
			"from": [0.43937, -0.69041, 0.25],
			"to": [8.03937, -0.59041, 12.75],
			"rotation": {"angle": -22.5, "axis": "z", "origin": [8.01003, -0.58718, 16]},
			"faces": {
				"north": {"uv": [8, 8.5, 10, 8.75], "texture": "#0"},
				"east": {"uv": [6, 8, 10, 8.25], "texture": "#0"},
				"south": {"uv": [6, 8.75, 8, 9], "texture": "#0"},
				"west": {"uv": [8, 6, 12, 6.25], "texture": "#0"},
				"up": {"uv": [2, 12, 0, 8], "texture": "#0"},
				"down": {"uv": [10, 0, 8, 4], "texture": "#0"}
			}
		},
		{
			"from": [0.43937, -0.69041, 0.25],
			"to": [8.03937, -0.59041, 12.75],
			"rotation": {"angle": -22.5, "axis": "z", "origin": [8.01003, -0.58718, 16]},
			"faces": {
				"north": {"uv": [8, 8.5, 10, 8.75], "texture": "#0"},
				"east": {"uv": [6, 8, 10, 8.25], "texture": "#0"},
				"south": {"uv": [6, 8.75, 8, 9], "texture": "#0"},
				"west": {"uv": [8, 6, 12, 6.25], "texture": "#0"},
				"up": {"uv": [2, 12, 0, 8], "texture": "#0"},
				"down": {"uv": [10, 0, 8, 4], "texture": "#0"}
			}
		},
		{
			"from": [0.43937, -0.69041, 0.25],
			"to": [8.03937, -0.59041, 12.75],
			"rotation": {"angle": -22.5, "axis": "z", "origin": [8.01003, -0.58718, 16]},
			"faces": {
				"north": {"uv": [8, 8.25, 10, 8.5], "texture": "#0"},
				"east": {"uv": [8, 5.5, 12, 5.75], "texture": "#0"},
				"south": {"uv": [6, 8.5, 8, 8.75], "texture": "#0"},
				"west": {"uv": [8, 5.75, 12, 6], "texture": "#0"},
				"up": {"uv": [8, 4, 6, 0], "texture": "#0"},
				"down": {"uv": [8, 4, 6, 8], "texture": "#0"}
			}
		},
		{
			"from": [7.97245, 1, 0],
			"to": [15.97245, 1.5, 13],
			"rotation": {"angle": 22.5, "axis": "z", "origin": [15.97245, 0, 16]},
			"faces": {
				"north": {"uv": [8, 7.25, 10, 7.5], "texture": "#0"},
				"east": {"uv": [8, 4.5, 12, 4.75], "texture": "#0"},
				"south": {"uv": [8, 7.5, 10, 7.75], "texture": "#0"},
				"west": {"uv": [8, 4.75, 12, 5], "texture": "#0"},
				"up": {"uv": [2, 8, 0, 4], "texture": "#0"},
				"down": {"uv": [0, 0, 2, 4], "texture": "#0"}
			}
		},
		{
			"from": [7.9807, -0.58396, 0.25],
			"to": [15.5807, -0.48396, 12.75],
			"rotation": {"angle": 22.5, "axis": "z", "origin": [8.01003, -0.58718, 16]},
			"faces": {
				"north": {"uv": [8, 7.75, 10, 8], "texture": "#0"},
				"east": {"uv": [8, 5, 12, 5.25], "texture": "#0"},
				"south": {"uv": [6, 8.25, 8, 8.5], "texture": "#0"},
				"west": {"uv": [8, 5.25, 12, 5.5], "texture": "#0"},
				"up": {"uv": [4, 8, 2, 4], "texture": "#0"},
				"down": {"uv": [6, 4, 4, 8], "texture": "#0"}
			}
		},
		{
			"from": [7.9807, -0.58396, 0.25],
			"to": [15.5807, -0.48396, 12.75],
			"rotation": {"angle": 22.5, "axis": "z", "origin": [8.01003, -0.58718, 16]},
			"faces": {
				"north": {"uv": [8, 8.75, 10, 9], "texture": "#0"},
				"east": {"uv": [8, 6.25, 12, 6.5], "texture": "#0"},
				"south": {"uv": [6, 9, 8, 9.25], "texture": "#0"},
				"west": {"uv": [8, 6.5, 12, 6.75], "texture": "#0"},
				"up": {"uv": [4, 12, 2, 8], "texture": "#0"},
				"down": {"uv": [6, 8, 4, 12], "texture": "#0"}
			}
		},
		{
			"from": [0, 1, 0],
			"to": [8, 1.5, 13],
			"rotation": {"angle": -22.5, "axis": "z", "origin": [0, 0, 0]},
			"faces": {
				"north": {"uv": [8, 6.75, 10, 7], "texture": "#0"},
				"east": {"uv": [8, 4, 12, 4.25], "texture": "#0"},
				"south": {"uv": [8, 7, 10, 7.25], "texture": "#0"},
				"west": {"uv": [8, 4.25, 12, 4.5], "texture": "#0"},
				"up": {"uv": [2, 4, 0, 0], "texture": "#0"},
				"down": {"uv": [2, 0, 0, 4], "texture": "#0"}
			}
		}
	],
	"display": {
		"thirdperson_righthand": {
			"translation": [0, 3.5, 0.5],
			"scale": [0.4, 0.4, 0.4]
		},
		"thirdperson_lefthand": {
			"translation": [0, 3.5, 0],
			"scale": [0.4, 0.4, 0.4]
		},
		"firstperson_righthand": {
			"translation": [0, 8.25, 0]
		},
		"firstperson_lefthand": {
			"translation": [0, 8.5, 0]
		},
		"ground": {
			"translation": [0, 5.25, 0]
		},
		"gui": {
			"rotation": [36.75, 22.75, 0],
			"translation": [0.5, 4.75, 0]
		},
		"head": {
			"translation": [0, 23.5, 1.75],
			"scale": [1.5, 1.5, 1.5]
		},
		"fixed": {
			"translation": [0, 0, -10]
		}
	},
	"groups": [
		{
			"name": "group",
			"origin": [8.01003, -0.48718, 16],
			"color": 0,
			"children": [0, 1, 2, 3, 4, 5, 6, 7]
		}
	]
}