{
	"format_version": "1.21.6",
	"credit": "Made with Blockbench",
	"texture_size": [32, 32],
	"textures": {
		"0": "item/texture",
		"particle": "item/texture"
	},
	"elements": [
		{
			"from": [-3, 2, 1.5],
			"to": [19, 6, 1.5],
			"rotation": {"angle": 0, "axis": "y", "origin": [-3, 4, 0.5]},
			"faces": {
				"north": {"uv": [0, 4, 11, 6], "texture": "#0"},
				"east": {"uv": [0, 0, 0, 2], "texture": "#0"},
				"south": {"uv": [0, 4, 11, 6], "texture": "#0"},
				"west": {"uv": [0, 0, 0, 2], "texture": "#0"},
				"up": {"uv": [11, 0, 0, 0], "texture": "#0"},
				"down": {"uv": [11, 0, 0, 0], "texture": "#0"}
			}
		}
	],
	"display": {
		"thirdperson_righthand": {
			"rotation": [37.69, 15.01, -19.73],
			"translation": [-0.25, 0, 2],
			"scale": [0.3, 0.3, 0.3]
		},
		"thirdperson_lefthand": {
			"rotation": [19.19, 30.64, -14.17],
			"translation": [0, 0, 1],
			"scale": [0.3, 0.3, 0.3]
		},
		"ground": {
			"translation": [0, 0, 6.5]
		},
		"gui": {
			"translation": [0, 3.5, 0]
		},
		"head": {
			"translation": [0, 2.5, -1.75],
			"scale": [0.79, 0.8, 1]
		}
	}
}