{
	"format_version": "1.9.0",
	"credit": "Made with Blockbench",
	"textures": {
		"0": "item/mimi",
		"particle": "item/mimi"
	},
	"elements": [
		{
			"from": [7, 4.76732, 5.72612],
			"to": [8, 6.76732, 7.72612],
			"rotation": {"angle": 45, "axis": "x", "origin": [6, 6.15, 6.65]},
			"faces": {
				"north": {"uv": [0, 2, 2, 4], "texture": "#0"},
				"east": {"uv": [0, 0, 3, 2], "texture": "#0"},
				"south": {"uv": [0, 0, 2, 2], "texture": "#0"},
				"west": {"uv": [0, 0, 7, 7], "texture": "#0"},
				"up": {"uv": [2, 3, 0, 0], "texture": "#0"},
				"down": {"uv": [2, 0, 0, 3], "texture": "#0"}
			}
		},
		{
			"from": [7, 4.32388, 9.16732],
			"to": [8, 6.32388, 11.16732],
			"rotation": {"angle": 45, "axis": "x", "origin": [6, 6.4, 10.55]},
			"faces": {
				"north": {"uv": [0, 4, 2, 7], "texture": "#0"},
				"east": {"uv": [5, 0, 7, 3], "texture": "#0"},
				"south": {"uv": [5, 3, 7, 6], "texture": "#0"},
				"west": {"uv": [0, 0, 7, 7], "texture": "#0"},
				"up": {"uv": [2, 9, 0, 7], "texture": "#0"},
				"down": {"uv": [9, 0, 7, 2], "texture": "#0"}
			}
		},
		{
			"from": [6.9, 4.5, 5],
			"to": [8.1, 5.9, 11],
			"rotation": {"angle": 0, "axis": "y", "origin": [6, 4, 5]},
			"faces": {
				"north": {"uv": [0, 0, 1.2, 1.4], "texture": "#0"},
				"east": {"uv": [0, 0, 6, 1.4], "texture": "#0"},
				"south": {"uv": [0, 0, 1.2, 1.4], "texture": "#0"},
				"west": {"uv": [0, 0, 6, 1.4], "texture": "#0"},
				"up": {"uv": [0, 0, 1.2, 6], "texture": "#0"},
				"down": {"uv": [0, 0, 1.2, 6], "texture": "#0"}
			}
		}
	],
	"display": {
		"head": {
			"rotation": [0, -90, 0],
			"translation": [0, 15.25, 0],
			"scale": [0.99, 4, 2.19]
		}
	}
}