{
	"format_version": "1.9.0",
	"credit": "Made with Blockbench",
	"texture_size": [64, 64],
	"textures": {
		"0": "item/bousi",
		"particle": "item/bousi"
	},
	"elements": [
		{
			"from": [2.5, 10.25, 2.75],
			"to": [13.5, 15.25, 13.25],
			"rotation": {"angle": 0, "axis": "y", "origin": [7, 10.25, 3]},
			"faces": {
				"north": {"uv": [4, 5, 6.5, 6], "texture": "#0"},
				"east": {"uv": [4, 6, 6.5, 7], "texture": "#0"},
				"south": {"uv": [6.5, 0, 9, 1], "texture": "#0"},
				"west": {"uv": [6.5, 1, 9, 2], "texture": "#0"},
				"up": {"uv": [6.5, 2.5, 4, 0], "texture": "#0"},
				"down": {"uv": [6.5, 2.5, 4, 5], "texture": "#0"}
			}
		},
		{
			"from": [0, 10, 0],
			"to": [16, 10.25, 16],
			"rotation": {"angle": 0, "axis": "y", "origin": [9, 10, 8]},
			"faces": {
				"north": {"uv": [6.5, 2, 10.5, 2.25], "texture": "#0"},
				"east": {"uv": [6.5, 2.25, 10.5, 2.5], "texture": "#0"},
				"south": {"uv": [6.5, 2.5, 10.5, 2.75], "texture": "#0"},
				"west": {"uv": [6.5, 2.75, 10.5, 3], "texture": "#0"},
				"up": {"uv": [4, 4, 0, 0], "texture": "#0"},
				"down": {"uv": [4, 4, 0, 8], "texture": "#0"}
			}
		}
	],
	"display": {
		"thirdperson_righthand": {
			"scale": [0.3, 0.3, 0.3]
		},
		"thirdperson_lefthand": {
			"scale": [0.3, 0.3, 0.3]
		},
		"gui": {
			"rotation": [28, 19, 0],
			"translation": [0, -3, 0]
		},
		"head": {
			"translation": [0, 1.5, 0],
			"scale": [1.5, 1.4, 1.5]
		}
	}
}