{
	"format_version": "1.9.0",
	"credit": "Made with Blockbench",
	"textures": {
		"0": "item/ringg",
		"particle": "item/ringg"
	},
	"elements": [
		{
			"from": [6, 0, 1],
			"to": [10, 1, 2],
			"rotation": {"angle": 0, "axis": "y", "origin": [7, 0, 1]},
			"faces": {
				"north": {"uv": [0, 0, 4, 1], "texture": "#0"},
				"east": {"uv": [0, 9, 1, 10], "texture": "#0"},
				"south": {"uv": [0, 1, 4, 2], "texture": "#0"},
				"west": {"uv": [11, 1, 12, 2], "texture": "#0"},
				"up": {"uv": [4, 3, 0, 2], "texture": "#0"},
				"down": {"uv": [4, 3, 0, 4], "texture": "#0"}
			}
		},
		{
			"from": [6, 0, 14],
			"to": [10, 1, 15],
			"rotation": {"angle": 0, "axis": "y", "origin": [7, 0, 14]},
			"faces": {
				"north": {"uv": [1, 5, 5, 6], "texture": "#0"},
				"east": {"uv": [4, 12, 5, 13], "texture": "#0"},
				"south": {"uv": [5, 1, 9, 2], "texture": "#0"},
				"west": {"uv": [12, 4, 13, 5], "texture": "#0"},
				"up": {"uv": [9, 3, 5, 2], "texture": "#0"},
				"down": {"uv": [9, 3, 5, 4], "texture": "#0"}
			}
		},
		{
			"from": [4, 0, 2],
			"to": [6, 1, 3],
			"rotation": {"angle": 0, "axis": "y", "origin": [3, 0, 2]},
			"faces": {
				"north": {"uv": [3, 6, 5, 7], "texture": "#0"},
				"east": {"uv": [2, 11, 3, 12], "texture": "#0"},
				"south": {"uv": [5, 6, 7, 7], "texture": "#0"},
				"west": {"uv": [11, 2, 12, 3], "texture": "#0"},
				"up": {"uv": [5, 8, 3, 7], "texture": "#0"},
				"down": {"uv": [7, 7, 5, 8], "texture": "#0"}
			}
		},
		{
			"from": [10, 0, 2],
			"to": [12, 1, 3],
			"rotation": {"angle": 0, "axis": "y", "origin": [9, 0, 2]},
			"faces": {
				"north": {"uv": [9, 8, 11, 9], "texture": "#0"},
				"east": {"uv": [6, 12, 7, 13], "texture": "#0"},
				"south": {"uv": [9, 9, 11, 10], "texture": "#0"},
				"west": {"uv": [12, 6, 13, 7], "texture": "#0"},
				"up": {"uv": [2, 11, 0, 10], "texture": "#0"},
				"down": {"uv": [12, 0, 10, 1], "texture": "#0"}
			}
		},
		{
			"from": [4, 0, 13],
			"to": [6, 1, 14],
			"rotation": {"angle": 0, "axis": "y", "origin": [3, 0, 13]},
			"faces": {
				"north": {"uv": [9, 1, 11, 2], "texture": "#0"},
				"east": {"uv": [3, 12, 4, 13], "texture": "#0"},
				"south": {"uv": [9, 2, 11, 3], "texture": "#0"},
				"west": {"uv": [12, 3, 13, 4], "texture": "#0"},
				"up": {"uv": [11, 4, 9, 3], "texture": "#0"},
				"down": {"uv": [11, 4, 9, 5], "texture": "#0"}
			}
		},
		{
			"from": [10, 0, 13],
			"to": [12, 1, 14],
			"rotation": {"angle": 0, "axis": "y", "origin": [9, 0, 13]},
			"faces": {
				"north": {"uv": [5, 9, 7, 10], "texture": "#0"},
				"east": {"uv": [5, 12, 6, 13], "texture": "#0"},
				"south": {"uv": [9, 5, 11, 6], "texture": "#0"},
				"west": {"uv": [12, 5, 13, 6], "texture": "#0"},
				"up": {"uv": [11, 7, 9, 6], "texture": "#0"},
				"down": {"uv": [11, 7, 9, 8], "texture": "#0"}
			}
		},
		{
			"from": [3, 0, 3],
			"to": [4, 1, 4],
			"rotation": {"angle": 0, "axis": "y", "origin": [2, 0, 3]},
			"faces": {
				"north": {"uv": [3, 11, 4, 12], "texture": "#0"},
				"east": {"uv": [11, 3, 12, 4], "texture": "#0"},
				"south": {"uv": [4, 11, 5, 12], "texture": "#0"},
				"west": {"uv": [11, 4, 12, 5], "texture": "#0"},
				"up": {"uv": [6, 12, 5, 11], "texture": "#0"},
				"down": {"uv": [12, 5, 11, 6], "texture": "#0"}
			}
		},
		{
			"from": [3, 0, 12],
			"to": [4, 1, 13],
			"rotation": {"angle": 0, "axis": "y", "origin": [2, 0, 12]},
			"faces": {
				"north": {"uv": [10, 11, 11, 12], "texture": "#0"},
				"east": {"uv": [11, 11, 12, 12], "texture": "#0"},
				"south": {"uv": [12, 0, 13, 1], "texture": "#0"},
				"west": {"uv": [12, 1, 13, 2], "texture": "#0"},
				"up": {"uv": [3, 13, 2, 12], "texture": "#0"},
				"down": {"uv": [13, 2, 12, 3], "texture": "#0"}
			}
		},
		{
			"from": [12, 0, 3],
			"to": [13, 1, 4],
			"rotation": {"angle": 0, "axis": "y", "origin": [11, 0, 3]},
			"faces": {
				"north": {"uv": [10, 12, 11, 13], "texture": "#0"},
				"east": {"uv": [12, 10, 13, 11], "texture": "#0"},
				"south": {"uv": [11, 12, 12, 13], "texture": "#0"},
				"west": {"uv": [12, 11, 13, 12], "texture": "#0"},
				"up": {"uv": [13, 13, 12, 12], "texture": "#0"},
				"down": {"uv": [1, 13, 0, 14], "texture": "#0"}
			}
		},
		{
			"from": [12, 0, 12],
			"to": [13, 1, 13],
			"rotation": {"angle": 0, "axis": "y", "origin": [11, 0, 12]},
			"faces": {
				"north": {"uv": [7, 12, 8, 13], "texture": "#0"},
				"east": {"uv": [12, 7, 13, 8], "texture": "#0"},
				"south": {"uv": [8, 12, 9, 13], "texture": "#0"},
				"west": {"uv": [12, 8, 13, 9], "texture": "#0"},
				"up": {"uv": [10, 13, 9, 12], "texture": "#0"},
				"down": {"uv": [13, 9, 12, 10], "texture": "#0"}
			}
		},
		{
			"from": [2, 0, 4],
			"to": [3, 1, 6],
			"rotation": {"angle": 0, "axis": "y", "origin": [1, 0, 4]},
			"faces": {
				"north": {"uv": [11, 6, 12, 7], "texture": "#0"},
				"east": {"uv": [7, 6, 9, 7], "texture": "#0"},
				"south": {"uv": [11, 7, 12, 8], "texture": "#0"},
				"west": {"uv": [7, 7, 9, 8], "texture": "#0"},
				"up": {"uv": [4, 10, 3, 8], "texture": "#0"},
				"down": {"uv": [5, 8, 4, 10], "texture": "#0"}
			}
		},
		{
			"from": [2, 0, 10],
			"to": [3, 1, 12],
			"rotation": {"angle": 0, "axis": "y", "origin": [1, 0, 10]},
			"faces": {
				"north": {"uv": [9, 11, 10, 12], "texture": "#0"},
				"east": {"uv": [8, 0, 10, 1], "texture": "#0"},
				"south": {"uv": [11, 9, 12, 10], "texture": "#0"},
				"west": {"uv": [5, 8, 7, 9], "texture": "#0"},
				"up": {"uv": [8, 10, 7, 8], "texture": "#0"},
				"down": {"uv": [9, 8, 8, 10], "texture": "#0"}
			}
		},
		{
			"from": [13, 0, 4],
			"to": [14, 1, 6],
			"rotation": {"angle": 0, "axis": "y", "origin": [12, 0, 4]},
			"faces": {
				"north": {"uv": [13, 1, 14, 2], "texture": "#0"},
				"east": {"uv": [8, 10, 10, 11], "texture": "#0"},
				"south": {"uv": [2, 13, 3, 14], "texture": "#0"},
				"west": {"uv": [10, 10, 12, 11], "texture": "#0"},
				"up": {"uv": [1, 13, 0, 11], "texture": "#0"},
				"down": {"uv": [2, 11, 1, 13], "texture": "#0"}
			}
		},
		{
			"from": [13, 0, 10],
			"to": [14, 1, 12],
			"rotation": {"angle": 0, "axis": "y", "origin": [12, 0, 10]},
			"faces": {
				"north": {"uv": [13, 0, 14, 1], "texture": "#0"},
				"east": {"uv": [2, 10, 4, 11], "texture": "#0"},
				"south": {"uv": [1, 13, 2, 14], "texture": "#0"},
				"west": {"uv": [4, 10, 6, 11], "texture": "#0"},
				"up": {"uv": [7, 12, 6, 10], "texture": "#0"},
				"down": {"uv": [8, 10, 7, 12], "texture": "#0"}
			}
		},
		{
			"from": [1, 0, 6],
			"to": [2, 1, 10],
			"rotation": {"angle": 0, "axis": "y", "origin": [0, 0, 6]},
			"faces": {
				"north": {"uv": [8, 11, 9, 12], "texture": "#0"},
				"east": {"uv": [0, 4, 4, 5], "texture": "#0"},
				"south": {"uv": [11, 8, 12, 9], "texture": "#0"},
				"west": {"uv": [4, 0, 8, 1], "texture": "#0"},
				"up": {"uv": [5, 5, 4, 1], "texture": "#0"},
				"down": {"uv": [1, 5, 0, 9], "texture": "#0"}
			}
		},
		{
			"from": [14, 0, 6],
			"to": [15, 1, 10],
			"rotation": {"angle": 0, "axis": "y", "origin": [13, 0, 6]},
			"faces": {
				"north": {"uv": [13, 2, 14, 3], "texture": "#0"},
				"east": {"uv": [5, 4, 9, 5], "texture": "#0"},
				"south": {"uv": [3, 13, 4, 14], "texture": "#0"},
				"west": {"uv": [5, 5, 9, 6], "texture": "#0"},
				"up": {"uv": [2, 10, 1, 6], "texture": "#0"},
				"down": {"uv": [3, 6, 2, 10], "texture": "#0"}
			}
		}
	],
	"display": {
		"thirdperson_righthand": {
			"translation": [0, 3.75, -3.5],
			"scale": [0.5, 0.5, 0.5]
		},
		"thirdperson_lefthand": {
			"rotation": [90, 0, 0],
			"translation": [0.25, -1.75, 6],
			"scale": [0.6, 0.6, 0.6]
		},
		"ground": {
			"translation": [0, 10, 0]
		},
		"gui": {
			"rotation": [41.64, 16.67, -11.21],
			"translation": [1.25, 5, 0]
		},
		"head": {
			"translation": [0, 18.25, 0]
		}
	}
}