{
	"format_version": "1.9.0",
	"credit": "Made with Blockbench",
	"textures": {
		"0": "item/iron_sword",
		"particle": "item/iron_sword"
	},
	"elements": [
		{
			"from": [2, 0, 8],
			"to": [18, 16, 8],
			"rotation": {"angle": 22.5, "axis": "z", "origin": [18, 0, 8]},
			"faces": {
				"north": {"uv": [0, 0, 16, 16], "rotation": 90, "texture": "#0"},
				"east": {"uv": [0, 0, 16, 0], "rotation": 270, "texture": "#missing"},
				"south": {"uv": [0, 0, 16, 16], "rotation": 180, "texture": "#0"},
				"west": {"uv": [0, 0, 16, 0], "rotation": 270, "texture": "#missing"},
				"up": {"uv": [0, 0, 0, 16], "rotation": 270, "texture": "#missing"},
				"down": {"uv": [0, 0, 0, 16], "rotation": 270, "texture": "#missing"}
			}
		}
	],
	"display": {
		"thirdperson_righthand": {
			"rotation": [147.48, 87.45, -124.73],
			"translation": [0.25, -4.75, 0.5]
		},
		"firstperson_righthand": {
			"rotation": [67.75, -75.25, 0],
			"translation": [0, 14.25, 0]
		},
		"ground": {
			"translation": [0, 3.75, 0]
		},
		"gui": {
			"rotation": [0, 0, -17.5],
			"translation": [0.5, 3, 0]
		},
		"head": {
			"rotation": [0, 14, 0],
			"translation": [2.25, 15, -1]
		},
		"fixed": {
			"translation": [0, 0, -0.5]
		}
	}
}