{
	"format_version": "1.9.0",
	"credit": "Made with Blockbench",
	"textures": {
		"0": "item/zzz",
		"particle": "item/zzz"
	},
	"elements": [
		{
			"from": [5, 0, 5],
			"to": [10, 1, 6],
			"rotation": {"angle": 0, "axis": "y", "origin": [9, 0, 5]},
			"faces": {
				"north": {"uv": [5, 2, 10, 3], "texture": "#0"},
				"east": {"uv": [6, 11, 7, 12], "texture": "#0"},
				"south": {"uv": [5, 3, 10, 4], "texture": "#0"},
				"west": {"uv": [11, 6, 12, 7], "texture": "#0"},
				"up": {"uv": [10, 5, 5, 4], "texture": "#0"},
				"down": {"uv": [10, 5, 5, 6], "texture": "#0"}
			}
		},
		{
			"from": [8, 1, 5],
			"to": [9, 2, 6],
			"rotation": {"angle": 0, "axis": "y", "origin": [9, 1, 5]},
			"faces": {
				"north": {"uv": [7, 11, 8, 12], "texture": "#0"},
				"east": {"uv": [11, 7, 12, 8], "texture": "#0"},
				"south": {"uv": [8, 11, 9, 12], "texture": "#0"},
				"west": {"uv": [11, 8, 12, 9], "texture": "#0"},
				"up": {"uv": [10, 12, 9, 11], "texture": "#0"},
				"down": {"uv": [12, 9, 11, 10], "texture": "#0"}
			}
		},
		{
			"from": [7, 2, 5],
			"to": [8, 3, 6],
			"rotation": {"angle": 0, "axis": "y", "origin": [8, 2, 5]},
			"faces": {
				"north": {"uv": [10, 11, 11, 12], "texture": "#0"},
				"east": {"uv": [11, 10, 12, 11], "texture": "#0"},
				"south": {"uv": [11, 11, 12, 12], "texture": "#0"},
				"west": {"uv": [0, 12, 1, 13], "texture": "#0"},
				"up": {"uv": [2, 13, 1, 12], "texture": "#0"},
				"down": {"uv": [3, 12, 2, 13], "texture": "#0"}
			}
		},
		{
			"from": [6, 3, 5],
			"to": [7, 4, 6],
			"rotation": {"angle": 0, "axis": "y", "origin": [7, 3, 5]},
			"faces": {
				"north": {"uv": [3, 12, 4, 13], "texture": "#0"},
				"east": {"uv": [12, 3, 13, 4], "texture": "#0"},
				"south": {"uv": [4, 12, 5, 13], "texture": "#0"},
				"west": {"uv": [12, 4, 13, 5], "texture": "#0"},
				"up": {"uv": [6, 13, 5, 12], "texture": "#0"},
				"down": {"uv": [13, 5, 12, 6], "texture": "#0"}
			}
		},
		{
			"from": [5, 4, 5],
			"to": [10, 5, 6],
			"rotation": {"angle": 0, "axis": "y", "origin": [6, 4, 5]},
			"faces": {
				"north": {"uv": [0, 6, 5, 7], "texture": "#0"},
				"east": {"uv": [6, 12, 7, 13], "texture": "#0"},
				"south": {"uv": [5, 6, 10, 7], "texture": "#0"},
				"west": {"uv": [12, 6, 13, 7], "texture": "#0"},
				"up": {"uv": [5, 8, 0, 7], "texture": "#0"},
				"down": {"uv": [10, 7, 5, 8], "texture": "#0"}
			}
		},
		{
			"from": [-1, 5, 5],
			"to": [4, 6, 6],
			"rotation": {"angle": 0, "axis": "y", "origin": [3, 5, 5]},
			"faces": {
				"north": {"uv": [0, 8, 5, 9], "texture": "#0"},
				"east": {"uv": [7, 12, 8, 13], "texture": "#0"},
				"south": {"uv": [5, 8, 10, 9], "texture": "#0"},
				"west": {"uv": [12, 7, 13, 8], "texture": "#0"},
				"up": {"uv": [5, 10, 0, 9], "texture": "#0"},
				"down": {"uv": [10, 9, 5, 10], "texture": "#0"}
			}
		},
		{
			"from": [2, 6, 5],
			"to": [3, 7, 6],
			"rotation": {"angle": 0, "axis": "y", "origin": [3, 6, 5]},
			"faces": {
				"north": {"uv": [8, 12, 9, 13], "texture": "#0"},
				"east": {"uv": [12, 8, 13, 9], "texture": "#0"},
				"south": {"uv": [9, 12, 10, 13], "texture": "#0"},
				"west": {"uv": [12, 9, 13, 10], "texture": "#0"},
				"up": {"uv": [11, 13, 10, 12], "texture": "#0"},
				"down": {"uv": [13, 10, 12, 11], "texture": "#0"}
			}
		},
		{
			"from": [1, 7, 5],
			"to": [2, 8, 6],
			"rotation": {"angle": 0, "axis": "y", "origin": [2, 7, 5]},
			"faces": {
				"north": {"uv": [11, 12, 12, 13], "texture": "#0"},
				"east": {"uv": [12, 11, 13, 12], "texture": "#0"},
				"south": {"uv": [12, 12, 13, 13], "texture": "#0"},
				"west": {"uv": [0, 13, 1, 14], "texture": "#0"},
				"up": {"uv": [2, 14, 1, 13], "texture": "#0"},
				"down": {"uv": [3, 13, 2, 14], "texture": "#0"}
			}
		},
		{
			"from": [0, 8, 5],
			"to": [1, 9, 6],
			"rotation": {"angle": 0, "axis": "y", "origin": [1, 8, 5]},
			"faces": {
				"north": {"uv": [3, 13, 4, 14], "texture": "#0"},
				"east": {"uv": [13, 3, 14, 4], "texture": "#0"},
				"south": {"uv": [4, 13, 5, 14], "texture": "#0"},
				"west": {"uv": [13, 4, 14, 5], "texture": "#0"},
				"up": {"uv": [6, 14, 5, 13], "texture": "#0"},
				"down": {"uv": [14, 5, 13, 6], "texture": "#0"}
			}
		},
		{
			"from": [-1, 9, 5],
			"to": [4, 10, 6],
			"rotation": {"angle": 0, "axis": "y", "origin": [0, 9, 5]},
			"faces": {
				"north": {"uv": [0, 10, 5, 11], "texture": "#0"},
				"east": {"uv": [6, 13, 7, 14], "texture": "#0"},
				"south": {"uv": [10, 0, 15, 1], "texture": "#0"},
				"west": {"uv": [13, 6, 14, 7], "texture": "#0"},
				"up": {"uv": [15, 2, 10, 1], "texture": "#0"},
				"down": {"uv": [15, 2, 10, 3], "texture": "#0"}
			}
		},
		{
			"from": [-7, 10, 5],
			"to": [-2, 11, 6],
			"rotation": {"angle": 0, "axis": "y", "origin": [-3, 10, 5]},
			"faces": {
				"north": {"uv": [0, 0, 5, 1], "texture": "#0"},
				"east": {"uv": [10, 3, 11, 4], "texture": "#0"},
				"south": {"uv": [0, 1, 5, 2], "texture": "#0"},
				"west": {"uv": [10, 4, 11, 5], "texture": "#0"},
				"up": {"uv": [5, 3, 0, 2], "texture": "#0"},
				"down": {"uv": [5, 3, 0, 4], "texture": "#0"}
			}
		},
		{
			"from": [-4, 11, 5],
			"to": [-3, 12, 6],
			"rotation": {"angle": 0, "axis": "y", "origin": [-3, 11, 5]},
			"faces": {
				"north": {"uv": [5, 10, 6, 11], "texture": "#0"},
				"east": {"uv": [10, 5, 11, 6], "texture": "#0"},
				"south": {"uv": [6, 10, 7, 11], "texture": "#0"},
				"west": {"uv": [10, 6, 11, 7], "texture": "#0"},
				"up": {"uv": [8, 11, 7, 10], "texture": "#0"},
				"down": {"uv": [11, 7, 10, 8], "texture": "#0"}
			}
		},
		{
			"from": [-5, 12, 5],
			"to": [-4, 13, 6],
			"rotation": {"angle": 0, "axis": "y", "origin": [-4, 12, 5]},
			"faces": {
				"north": {"uv": [8, 10, 9, 11], "texture": "#0"},
				"east": {"uv": [10, 8, 11, 9], "texture": "#0"},
				"south": {"uv": [9, 10, 10, 11], "texture": "#0"},
				"west": {"uv": [10, 9, 11, 10], "texture": "#0"},
				"up": {"uv": [11, 11, 10, 10], "texture": "#0"},
				"down": {"uv": [1, 11, 0, 12], "texture": "#0"}
			}
		},
		{
			"from": [-6, 13, 5],
			"to": [-5, 14, 6],
			"rotation": {"angle": 0, "axis": "y", "origin": [-5, 13, 5]},
			"faces": {
				"north": {"uv": [1, 11, 2, 12], "texture": "#0"},
				"east": {"uv": [2, 11, 3, 12], "texture": "#0"},
				"south": {"uv": [3, 11, 4, 12], "texture": "#0"},
				"west": {"uv": [11, 3, 12, 4], "texture": "#0"},
				"up": {"uv": [5, 12, 4, 11], "texture": "#0"},
				"down": {"uv": [12, 4, 11, 5], "texture": "#0"}
			}
		},
		{
			"from": [-7, 14, 5],
			"to": [-2, 15, 6],
			"rotation": {"angle": 0, "axis": "y", "origin": [-6, 14, 5]},
			"faces": {
				"north": {"uv": [0, 4, 5, 5], "texture": "#0"},
				"east": {"uv": [5, 11, 6, 12], "texture": "#0"},
				"south": {"uv": [0, 5, 5, 6], "texture": "#0"},
				"west": {"uv": [11, 5, 12, 6], "texture": "#0"},
				"up": {"uv": [10, 1, 5, 0], "texture": "#0"},
				"down": {"uv": [10, 1, 5, 2], "texture": "#0"}
			}
		}
	],
	"display": {
		"thirdperson_righthand": {
			"scale": [0, 0, 0]
		},
		"thirdperson_lefthand": {
			"scale": [0, 0, 0]
		},
		"firstperson_righthand": {
			"translation": [-37.25, 0, 0]
		},
		"firstperson_lefthand": {
			"translation": [19.5, 0, 0]
		},
		"gui": {
			"rotation": [-180, 56.25, -180],
			"translation": [-1.5, 0, 0]
		},
		"head": {
			"translation": [-4.5, 15.75, -6.75]
		}
	},
	"groups": [
		{
			"name": "group",
			"origin": [9, 0, 5],
			"color": 0,
			"children": [
				0,
				1,
				2,
				3,
				4,
				{
					"name": "group",
					"origin": [9, 0, 5],
					"color": 0,
					"children": [5, 6, 7, 8, 9]
				}
			]
		},
		{
			"name": "group",
			"origin": [9, 0, 5],
			"color": 0,
			"children": [10, 11, 12, 13, 14]
		}
	]
}