{
    "providers": [
        {
            "type": "ttf",
            "file": "minecraft:negative_spaces.ttf",
            "shift": [0.0, 0.0],
            "size": 10.0,
            "oversample": 1.0
        },
        {
            "type": "bitmap",
            "file": "minecraft:font/heart.png",
            "ascent": 8,
            "height": 9,
            "chars": [
                "\uE000"
            ]
        },
        {
            "type": "bitmap",
            "file": "minecraft:font/black.png",
            "ascent": 64,
            "height": 128,
            "chars": [
                "\uE001"
            ]
        },
        {
            "type": "bitmap",
            "file": "minecraft:font/custom_sign.png",
            "ascent": 12,
            "height": 48,
            "chars": [
                "\uE002"
            ]
        },
        {
            "type": "bitmap",
            "file": "minecraft:font/hello.png",
            "ascent": 0,
            "height": 32,
            "chars": [
                "\uE003"
            ]
        },
        {
            "type": "bitmap",
            "file": "minecraft:font/icon.png",
            "ascent": 8,
            "height": 9,
            "chars": [
                "\uE010\uE011\uE012\uE013",
                "\uE014\uE015\uE016\uE017",
                "\uE018\uE019\uE01A\uE01B",
                "\uE01C\uE01D\uE01E\uE01F"
            ]
        },
        {
            "type": "bitmap",
            "file": "minecraft:font/book_area128.png",
            "ascent": 14,
            "height": 135,
            "chars": [
                "\uE100"
            ]
        },
        {
            "type": "bitmap",
            "file": "minecraft:font/book_area256.png",
            "ascent": 14,
            "height": 135,
            "chars": [
                "\uE101"
            ]
        },
        {
            "type": "bitmap",
            "file": "minecraft:font/book_page1.png",
            "ascent": 14,
            "height": 135,
            "chars": [
                "\uE102"
            ]
        },
        {
            "type": "bitmap",
            "file": "minecraft:font/book_page2.png",
            "ascent": 14,
            "height": 135,
            "chars": [
                "\uE103"
            ]
        },
        {
            "type": "bitmap",
            "file": "minecraft:font/book_page3.png",
            "ascent": 14,
            "height": 135,
            "chars": [
                "\uE104"
            ]
        },
        {
            "type": "bitmap",
            "file": "minecraft:font/custom_gui.png",
            "ascent": 10,
            "height": 80,
            "chars": [
                "\uE200"
            ]
        },
        {
            "type": "bitmap",
            "file": "minecraft:font/wolf_oshio.png",
            "ascent": 8,
            "height": 9,
            "chars": [
                "\uE201"
            ]
        },
        {
            "type": "bitmap",
            "file": "minecraft:font/wolf_oshio.png",
            "ascent": 10,
            "height": 30,
            "chars": [
                "\uE202"
            ]
        },
        {
            "type": "bitmap",
            "file": "minecraft:font/uranaisi.png",
            "ascent": 8,
            "height": 9,
            "chars": [
                "\uE203"
            ]
        },
        {
            "type": "bitmap",
            "file": "minecraft:font/uranaisi.png",
            "ascent": 10,
            "height": 30,
            "chars": [
                "\uE204"
            ]
        },
        {
            "type": "bitmap",
            "file": "minecraft:font/migisankaku.png",
            "ascent": 8,
            "height": 9,
            "chars": [
                "\uE205"
            ]
        },
        {
            "type": "bitmap",
            "file": "minecraft:font/migisankaku.png",
            "shift":[16.0,16.0],
            "ascent": 8,
            "height": 9,
            "chars": [
                "\uE208"
            ]
        }
    ]
}